[
  {
    "code": "south_america",
    "translations": {
      "en-us": "South America",
      "pt-br": "América do Sul"
    },
    "countries": [
      {
        "code": "br",
        "translations": {
          "en-us": "Brazil",
          "pt-br": "Brasil"
        },
        "states": [
          {
            "code": "sp",
            "translations": {
              "en-us": "Sao Paulo",
              "pt-br": "São Paulo"
            },
            "cities": [
              {
                "code": "sao_paulo",
                "translations": {
                  "en-us": "Sao Paulo",
                  "pt-br": "São Paulo"
                }
              },
              {
                "code": "marilia",
                "translations": {
                  "en-us": "Marilia",
                  "pt-br": "Marília"
                }
              }
            ]
          },
          {
            "code": "rj",
            "translations": {
              "en-us": "Rio de Janeiro",
              "pt-br": "Rio de Janeiro"
            },
            "cities": [
              {
                "code": "rio_de_janeiro",
                "translations": {
                  "en-us": "Rio de Janeiro",
                  "pt-br": "Rio de Janeiro"
                }
              }
            ]
          }
        ]
      }
    ]
  },
  {
    "code": "north_america",
    "translations": {
      "en-us": "North America",
      "pt-br": "América do Norte"
    },
    "countries": [
      {
        "code": "us",
        "translations": {
          "en-us": "United States of America",
          "pt-br": "Estados Unidos da América"
        },
        "states": [
          {
            "code": "ca",
            "translations": {
              "en-us": "California",
              "pt-br": "Califórnia"
            },
            "cities": [
              {
                "code": "los_angeles",
                "translations": {
                  "en-us": "Los Angeles",
                  "pt-br": "Los Angeles"
                }
              },
              {
                "code": "san_francisco",
                "translations": {
                  "en-us": "San Francisco",
                  "pt-br": "São Francisco"
                }
              }
            ]
          },
          {
            "code": "ny",
            "translations": {
              "en-us": "New York",
              "pt-br": "Nova Iorque"
            },
            "cities": [
              {
                "code": "new_york_city",
                "translations": {
                  "en-us": "New York City",
                  "pt-br": "Nova Iorque"
                }
              }
            ]
          }
        ]
      }
    ]
  },
  {
    "code": "asia",
    "translations": {
      "en-us": "Asia",
      "pt-br": "Ásia"
    },
    "countries": [
      {
        "code": "jp",
        "translations": {
          "en-us": "Japan",
          "pt-br": "Japão"
        },
        "states": [
          {
            "code": "tokyo",
            "translations": {
              "en-us": "Tokyo",
              "pt-br": "Tóquio"
            },
            "cities": [
              {
                "code": "shinjuku",
                "translations": {
                  "en-us": "Shinjuku",
                  "pt-br": "Shinjuku"
                }
              }
            ]
          }
        ]
      }
    ]
  }
]